FragmentNodeProcessID,FragmentNodeID,ProcessID
"1","1","121"
"2","2","11"
"3","6","2"
"4","9","6"
"5","12","8"
"6","13","134"
"7","25","166"
"8","37","110"
"9","49","61"
"10","61","164"
"11","73","169"
"12","86","10"
"13","89","34"
"14","90","126"
"15","97","11"
"16","101","2"
"17","104","6"
"18","107","8"
"19","111","36"
"20","114","151"
"21","115","38"
"22","116","37"
"23","117","35"
"24","119","43"
"25","122","46"
"26","124","44"
"27","125","41"
"28","126","52"
"29","127","40"
"30","128","48"
"31","129","45"
"32","132","153"
"33","134","96"
"34","138","177"
"35","140","125"
"36","150","62"
"37","161","116"
"38","163","12"
"39","166","85"
"40","169","91"
